{"cameraMode":{"drawMode":0,"name":"Shaded","section":"Shading Mode"},"sceneLighting":false,"audioPlay":false,"sceneViewState":{"showFog":true,"showMaterialUpdate":false,"showSkybox":false,"showFlares":true,"showImageEffects":true,"showParticleSystems":true},"in2DMode":false,"pivot":{"x":2.0999999046325685,"y":1.0199999809265137,"z":2.6700000762939455},"rotation":{"x":-0.07106836140155792,"y":-0.8972821235656738,"z":0.4065295159816742,"w":-0.15690329670906068},"size":4.590085506439209,"orthographic":false}