{"cameraMode":{"drawMode":0,"name":"Shaded","section":"Shading Mode"},"sceneLighting":false,"audioPlay":false,"sceneViewState":{"showFog":true,"showMaterialUpdate":false,"showSkybox":false,"showFlares":true,"showImageEffects":true,"showParticleSystems":true},"in2DMode":false,"pivot":{"x":2446.72021484375,"y":301.79034423828127,"z":3583.1416015625},"rotation":{"x":0.1109895184636116,"y":-0.7967402338981628,"z":0.15527884662151338,"w":0.5737331509590149},"size":10317.4609375,"orthographic":false}