{"cameraMode":{"drawMode":0,"name":"Shaded","section":"Shading Mode"},"sceneLighting":false,"audioPlay":false,"sceneViewState":{"showFog":true,"showMaterialUpdate":false,"showSkybox":false,"showFlares":true,"showImageEffects":true,"showParticleSystems":true},"in2DMode":false,"pivot":{"x":-371.3459167480469,"y":408.8111877441406,"z":982.3595581054688},"rotation":{"x":0.028015371412038804,"y":0.681217610836029,"z":-0.026268664747476579,"w":0.7312307357788086},"size":0.18212836980819703,"orthographic":false}