{"cameraMode":{"drawMode":0,"name":"Shaded","section":"Shading Mode"},"sceneLighting":false,"audioPlay":false,"sceneViewState":{"showFog":true,"showMaterialUpdate":false,"showSkybox":false,"showFlares":true,"showImageEffects":true,"showParticleSystems":true},"in2DMode":false,"pivot":{"x":-0.026691585779190065,"y":-0.06961361318826676,"z":-0.1033884584903717},"rotation":{"x":0.12701262533664704,"y":-0.682948887348175,"z":0.12978631258010865,"w":0.7086014151573181},"size":3.4203271865844728,"orthographic":false}