{"cameraMode":{"drawMode":0,"name":"Shaded","section":"Shading Mode"},"sceneLighting":false,"audioPlay":false,"sceneViewState":{"showFog":true,"showMaterialUpdate":false,"showSkybox":false,"showFlares":true,"showImageEffects":true,"showParticleSystems":true},"in2DMode":false,"pivot":{"x":61.374000549316409,"y":7.889999866485596,"z":21.284000396728517},"rotation":{"x":0.39878275990486147,"y":-0.0347764752805233,"z":0.019702650606632234,"w":0.9169439673423767},"size":22.0,"orthographic":false}