{"cameraMode":{"drawMode":0,"name":"Shaded","section":"Shading Mode"},"sceneLighting":true,"audioPlay":false,"sceneViewState":{"showFog":true,"showMaterialUpdate":false,"showSkybox":true,"showFlares":true,"showImageEffects":true,"showParticleSystems":true},"in2DMode":false,"pivot":{"x":15.472009658813477,"y":3.715643882751465,"z":13.353564262390137},"rotation":{"x":-0.03147411346435547,"y":0.7503599524497986,"z":-0.6593253016471863,"w":-0.035816486924886706},"size":55.137428283691409,"orthographic":false}